SYMBOL,FULL_NAME,SECTOR,ENV_SCORE,SOCIAL_SCORE,GOV_SCORE,BETA,MARKET_CAP,EBITDA,SECTOR_Real Estate,PC1,PC2,RETURN_1YR
A,Agilent Technologies,Healthcare,1.12,6.42,6.1,1.054,39751831552,1564000000,0,-0.483284113,-0.434481118,-0.05
AAPL,Apple Inc.,Technology,0.46,7.39,9.37,1.24,3.2961E+12,1.34661E+11,0,11.66357178,-5.531781408,0.2
ABBV,AbbVie,Healthcare,2.38,17.19,10.36,0.619,3.41698E+11,25629999104,0,2.758452811,1.374106001,0.07
ABT,Abbott Laboratories,Healthcare,2.27,14.24,8.33,0.722,2.05534E+11,10824999936,0,1.267877394,0.977725414,-0.02
ACGL,Arch Capital Group,Financial Services,1.47,10.1,10.89,0.596,42855567360,5171999744,0,0.925948889,0.891698384,0.68
ACN,Accenture,Technology,0.82,4.61,4.41,1.239,2.11116E+11,11065912320,0,-0.259969791,-1.362229471,0.13
ADBE,Adobe Inc.,Technology,1.94,5.99,5.15,1.296,2.31233E+11,8134000128,0,-0.123095147,-0.963374172,0.52
ADI,Analog Devices,Technology,9.27,6.68,6.98,1.073,1.11885E+11,4361349120,0,-0.199971642,0.071995726,0.21
ADM,Archer Daniels Midland,Consumer Defensive,16.64,10.15,5.01,0.714,28908466176,3988000000,0,-0.552239626,1.013061228,-0.09
ADP,Automatic Data Processing,Technology,2.8,5.54,5.49,0.802,1.13942E+11,5733100032,0,-0.356593945,-0.628715463,0.04
ADSK,Autodesk,Technology,3.68,8.19,4.89,1.476,57698152448,1396000000,0,-0.651185057,-0.300366652,0.09
AEE,Ameren,Utilities,12.85,9.07,5.25,0.458,22804828160,3264000000,0,-0.528879144,0.7443628,-0.16
AEP,American Electric Power,Utilities,12.66,8.1,5.38,0.533,55846035456,7258299904,0,-0.362253321,0.467496092,-0.24
AES,AES Corporation,Utilities,13.26,8.18,5.26,1.062,13678178304,3334000128,0,-0.701244411,0.446089357,-0.31
AFL,Aflac,Financial Services,0.3,9.14,8.9,0.949,61698056192,4779250176,0,0.464513648,0.284257173,0.26
AIG,American International Group,Financial Services,1.65,9.67,12.86,1.075,47394791424,8501000192,0,1.342161718,0.881484448,0.13
AIZ,Assurant,Financial Services,1.63,10.82,11.66,0.563,10138020864,1241900032,0,0.908133926,1.229531256,-0.12
AJG,Arthur J. Gallagher & Co.,Financial Services,0.09,10.92,10.15,0.729,65631498240,3382200064,0,0.825506936,0.813811067,0.27
AKAM,Akamai Technologies,Technology,3,7.09,6.93,0.676,15044968448,1118397952,0,-0.319477474,0.042957836,0.17
ALB,Albemarle Corporation,Basic Materials,15.39,4.85,6.33,1.543,10556814336,-935078016,0,-1.048362499,0.09366699,-0.22
ALL,Allstate,Financial Services,1.03,10.13,10.88,0.477,50315587584,6192999936,0,1.006560666,0.881444555,-0.09
ALLE,Allegion,Industrials,10.9,5.84,5.04,1.123,12491554816,888400000,0,-0.996165608,-0.078964531,0.2
AMAT,Applied Materials,Technology,4.49,2.97,5.28,1.541,1.55474E+11,8204000256,0,-0.553321775,-1.289554289,0.68
AME,Ametek,Industrials,8.65,8.51,6.73,1.173,39030026240,2138388992,0,-0.330353001,0.383281132,0.33
AMGN,Amgen,Healthcare,0.73,13.48,7.75,0.605,1.78823E+11,12247000064,0,1.151796492,0.727291459,0.05
AMZN,Amazon,Consumer Cyclical,6,15.39,9.22,1.146,1.96142E+12,1.11583E+11,0,8.779315219,-2.1330241,0.08
ANET,Arista Networks,Technology,0.4,8.88,7.39,1.073,1.13394E+11,2833341952,0,0.15355608,-0.008731721,0.68
AOS,A. O. Smith,Industrials,7.15,11.87,6.42,1.147,11915595776,809100032,0,-0.19709715,0.861988177,0.3
APA,APA Corporation,Energy,21.98,8.88,7.96,3.243,9340100608,5047000064,0,-0.529269443,0.725752803,0.19
APD,Air Products,Basic Materials,7.42,1.5,3.35,0.828,64722276352,4296600064,0,-1.318980406,-1.232255688,0.19
APH,Amphenol,Technology,7.32,4.64,7.6,1.246,77062520832,3586299904,0,-0.327560066,-0.298274713,0.21
APTV,Aptiv,Consumer Cyclical,1.45,3.94,5.26,1.793,16498891776,3032999936,0,-0.927521549,-1.159145688,0.12
ARE,Alexandria Real Estate Equities,Real Estate,3.91,3.66,6.32,1.173,21814970368,1905123968,1,-1.574279028,-2.849275756,-0.23
ATO,Atmos Energy,Utilities,14.83,13.42,6.36,0.67,21445437440,1991972992,0,-0.094938011,1.673075776,0.01
AVB,AvalonBay Communities,Real Estate,2.96,2.05,4.75,0.986,33116518400,1808050944,1,-1.939341628,-3.325574594,-0.11
AVGO,Broadcom,Technology,7.34,6,6.64,1.183,7.58829E+11,22958000128,0,1.655866855,-1.20812505,0.77
AVY,Avery Dennison,Consumer Cyclical,11.42,0.95,3.71,0.895,17797928960,1416300032,0,-1.581492352,-0.965278209,0.02
AWK,American Water Works,Utilities,9.04,7.58,5,0.691,29209964544,2408000000,0,-0.679759705,0.181829459,-0.09
AZO,AutoZone,Consumer Cyclical,0.11,7.07,3.83,0.709,52974329856,4338463232,0,-0.657603534,-0.638614976,0.18
BA,Boeing,Industrials,8.84,22.48,8.29,1.575,96371113984,-3991000064,0,0.86313666,2.800174463,0.45
BALL,Ball Corporation,Consumer Cyclical,7.6,0.76,3.74,0.878,20405639168,2092999936,0,-1.485912452,-1.224242183,-0.01
BAX,Baxter International,Healthcare,2.83,13.6,7.14,0.593,20539770880,2744000000,0,0.326491696,1.116053196,-0.28
BBY,Best Buy,Consumer Cyclical,2.4,9.09,4.4,1.479,21360842752,2673999872,0,-0.663759718,-0.277505104,0.05
BDX,Becton Dickinson,Healthcare,3.04,13.65,7.13,0.447,67647401984,5109000192,0,0.528651518,1.091971098,0.09
BEN,Franklin Templeton,Financial Services,1.12,9.88,7.3,1.408,10643009536,1688400000,0,-0.079072438,0.206232108,0.04
BG,Bunge Global,Consumer Defensive,14.39,13.26,5.27,0.637,13837887488,2486000128,0,-0.295102006,1.488121476,0.17
BIIB,Biogen,Healthcare,0.42,14.46,7.37,-0.057,29071065088,2884999936,0,0.592448989,1.335351701,0.34
BKNG,Booking Holdings,Consumer Cyclical,0.98,10.13,8.13,1.4,1.3552E+11,7183000064,0,0.557347413,0.129205506,0.68
BLK,BlackRock,Financial Services,0.9,7.36,9.99,1.317,1.33985E+11,7673999872,0,0.72107409,-0.065148579,0.06
BMY,Bristol Myers Squibb,Healthcare,1.31,14.37,7.07,0.458,1.00336E+11,19161999360,0,1.244292262,0.826748922,-0.1
BR,Broadridge Financial Solutions,Technology,4.19,7.5,4.94,1.059,24700252160,1545799936,0,-0.702892983,-0.216655769,0.09
BRO,Brown & Brown,Financial Services,0.13,9.77,10.58,0.829,29438932992,1528300032,0,0.658801763,0.722277774,0.17
BSX,Boston Scientific,Healthcare,2.36,11.85,8.89,0.797,1.22979E+11,4063000064,0,0.742711776,0.841760529,0.31
BWA,BorgWarner,Consumer Cyclical,2.67,4.21,5.71,1.182,7493600256,1882000000,0,-0.823729065,-0.76766399,0.26
BXP,"BXP, Inc.",Real Estate,2.54,4.52,5.45,1.199,14431182848,1870726016,1,-1.664591784,-2.902687157,-0.17
CAG,Conagra Brands,Consumer Defensive,10.71,15.42,4.7,0.309,15617014784,2239500032,0,-0.127126187,1.654820218,-0.15
CAH,Cardinal Health,Healthcare,1.17,7.33,6.36,0.616,27622834176,2924000000,0,-0.269240216,-0.124223116,0.23
CAT,Caterpillar Inc.,Industrials,10.43,17.69,8.06,1.089,1.71504E+11,15818999808,0,1.433698292,1.819567098,0.57
CB,Chubb Limited,Financial Services,1.46,11.54,10.61,0.674,1.17456E+11,11363000320,0,1.3685441,0.884484481,0.06
CBOE,Cboe Global Markets,Financial Services,2.73,7.58,10.64,0.673,22355052544,1290400000,0,0.448027723,0.583785454,0.24
CBRE,CBRE Group,Real Estate,1.46,1.89,4.64,1.4,36618518528,2213600000,1,-1.978826159,-3.591883088,0.11
CCI,Crown Castle,Real Estate,4.08,1.67,4.35,0.861,52256673792,3993999872,1,-1.923247662,-3.39257405,-0.42
CCL,Carnival,Consumer Cyclical,9.4,10.13,4.96,2.693,23359668224,5878000128,0,-0.633556845,-0.056351576,0.68
CDNS,Cadence Design Systems,Technology,2.33,4.88,4.81,1.02,75243003904,1450493056,0,-0.806517317,-0.808334507,0.43
CDW,CDW,Technology,2.48,3.21,3.52,1.033,29830193152,1996300032,0,-1.2481867,-1.207842432,0.25
CE,Celanese,Basic Materials,14.7,5.86,5.57,1.294,13741040640,1851000064,0,-0.94503476,0.145316289,0.19
CF,CF Industries,Basic Materials,16.19,7.73,5.42,0.946,14698166272,2651000064,0,-0.770558044,0.610910069,-0.23
CHD,Church & Dwight,Consumer Defensive,6.89,6.31,6.66,0.54,25759404032,1330099968,0,-0.456469755,0.134740084,0.13
CHRW,C.H. Robinson,Industrials,4.73,9.29,5.3,0.825,11764709376,673996992,0,-0.530791459,0.254502875,-0.23
CHTR,Charter Communications,Communication Services,6.05,10.72,7.95,1.051,49012998144,21500000256,0,0.957148727,0.453098891,0
CI,Cigna,Healthcare,0.02,5.99,5.65,0.509,1.02553E+11,8554999808,0,-0.10421476,-0.642052388,-0.04
CINF,Cincinnati Financial,Financial Services,1.76,10.97,12.88,0.671,21433022464,4062000128,0,1.271104101,1.328972765,0.09
CL,Colgate-Palmolive,Consumer Defensive,8.32,11.31,6.54,0.399,86145523712,4894000128,0,0.16692914,0.940312845,-0.08
CLX,Clorox,Consumer Defensive,7.72,8.59,5.31,0.393,20554795008,1371000064,0,-0.53497994,0.428624521,0.06
CMCSA,Comcast,Communication Services,3.96,10.9,8.23,1.01,1.52112E+11,37285998592,0,1.908845959,0.03775445,0.24
CME,CME Group,Financial Services,2.13,6.48,9.19,0.561,78691844096,4209900032,0,0.336435129,0.106659585,0.02
CMG,Chipotle Mexican Grill,Consumer Cyclical,6.79,9.59,4.27,1.256,80114573312,2233638912,0,-0.609140047,0.05931992,0.2
CMI,Cummins,Industrials,5.62,7.74,5.94,0.975,41332305920,4582000128,0,-0.353320602,-0.00531538,0.1
CMS,CMS Energy,Utilities,9.61,6.84,5.24,0.403,21054464000,2739000064,0,-0.665125493,0.217396733,-0.19
CNC,Centene Corporation,Healthcare,0.09,13.28,6.51,0.484,40278089728,5919000064,0,0.414092145,0.781123303,-0.33
CNP,CenterPoint Energy,Utilities,12.92,10.67,5.14,0.913,18456739840,3081999872,0,-0.502220148,0.862404966,-0.13
COO,Cooper Companies (The),Healthcare,2.7,8.8,5.96,0.981,22152052736,1023000000,0,-0.395214398,0.077751887,0.22
COP,ConocoPhillips,Energy,17.57,8.07,8.28,1.228,1.25752E+11,24445999104,0,0.837580193,0.553136799,0.14
COR,Cencora,Healthcare,1.57,5.53,5.65,0.441,47284768768,4303009792,0,-0.436461801,-0.477230057,0.19
COST,Costco,Consumer Defensive,6.52,11.22,5.55,0.788,4.0249E+11,11521999872,0,0.805577666,0.134160799,0.03
CPB,Campbell Soup Company,Consumer Defensive,10.87,8.15,4.47,0.175,15393454080,1783000064,0,-0.749189784,0.496269228,-0.17
CPRT,Copart,Industrials,1.48,8.96,5.59,1.271,48807755776,1754322944,0,-0.390939536,-0.145026704,0.53
CPT,Camden Property Trust,Real Estate,4,3.93,8.17,0.916,13321857024,893276992,1,-1.226272091,-2.452464657,-0.17
CRM,Salesforce,Technology,2.01,7.48,5.39,1.297,2.43962E+11,9345000448,0,0.112051268,-0.718356798,0.44
CSCO,Cisco,Technology,0.45,6.9,6.51,0.819,2.01971E+11,13752000512,0,0.477195317,-0.641078482,0.28
CSGP,CoStar Group,Real Estate,4.86,9.34,7.71,0.816,31924740096,170300000,1,-0.883609515,-1.555234169,0.18
CSX,CSX Corporation,Industrials,7.04,10.03,4.84,1.189,66052870144,7191000064,0,-0.282952649,0.171965492,-0.03
CTAS,Cintas,Industrials,3.03,9.17,5.88,1.312,82610397184,2450383872,0,-0.26264735,-0.041348779,0.24
CTRA,Coterra,Energy,20.26,8.34,7.47,0.199,17010694144,3448999936,0,-0.269092543,1.431411633,-0.06
CTSH,Cognizant,Technology,1.11,7.64,5.91,1.05,38596894720,3470000128,0,-0.345573057,-0.290474935,0.13
CVS,CVS Health,Healthcare,0.03,15.76,6.17,0.528,73428492288,14115000320,0,0.939839259,0.95218987,-0.34
CVX,Chevron Corporation,Energy,17.01,9.18,10.42,1.08,2.60253E+11,38942998528,0,2.20620926,0.645165526,0.06
D,Dominion Energy,Utilities,11.94,8.84,5.62,0.602,49103040512,7032000000,0,-0.276256429,0.567175888,-0.42
DAL,Delta Air Lines,Industrials,9.88,14.57,5.8,1.349,30128158720,8415000064,0,0.168607634,1.171716024,0.38
DD,DuPont,Basic Materials,14.66,7.99,5.94,1.325,34593636352,2977999872,0,-0.625332023,0.489257655,0.41
DE,Deere & Company,Industrials,2.67,10.79,6.49,0.929,1.0886E+11,14364000256,0,0.579766593,0.17242144,0.15
DG,Dollar General,Consumer Defensive,3.5,8.56,5.53,0.444,18914889728,3025478912,0,-0.360164815,0.164214445,-0.46
DGX,Quest Diagnostics,Healthcare,0.13,13.07,8,0.889,17405513728,1804999936,0,0.41196532,0.912255184,0.03
DHI,DR Horton,Consumer Cyclical,8.71,6.66,5.66,1.728,63652651008,6202899968,0,-0.543372443,-0.3205602,0.68
DHR,Danaher Corporation,Healthcare,1.35,5.16,5.35,0.861,1.99352E+11,7511000064,0,-0.164713851,-0.92965529,-0.03
DIS,Walt Disney Company (The),Communication Services,0.04,8.96,6.71,1.398,1.6841E+11,16750999552,0,0.668507298,-0.497241933,-0.27
DLR,Digital Realty,Real Estate,2.8,2.81,7,0.619,53710041088,2337596928,1,-1.340257208,-2.832860176,0.08
DLTR,Dollar Tree,Consumer Defensive,3.29,12.78,4.02,0.872,15801912320,2604699904,0,-0.390451105,0.521368827,-0.14
DOV,Dover Corporation,Industrials,7.98,12.48,5.42,1.218,25890215936,1765938048,0,-0.298123503,0.826637662,0.15
DPZ,Domino's,Consumer Cyclical,10.65,12.2,6.34,0.858,14424346624,921121024,0,-0.201465051,1.194456113,0.05
DRI,Darden Restaurants,Consumer Cyclical,7.92,15,4.55,1.303,19135490048,1789500032,0,-0.285712052,1.100922675,0.24
DTE,DTE Energy,Utilities,15.03,10.04,4.73,0.676,26159034368,3448000000,0,-0.606667879,0.888072339,-0.23
DUK,Duke Energy,Utilities,11.52,10.68,4.81,0.457,90888200192,14106000384,0,0.111800027,0.619525319,-0.19
DVA,DaVita,Healthcare,0.07,14.08,8.42,0.863,13859445760,2657765120,0,0.60471975,1.125976483,0.18
DVN,Devon Energy,Energy,17.67,8.56,7.53,2.069,25336051712,7622000128,0,-0.261092534,0.66798175,-0.22
DXCM,Dexcom,Healthcare,5.35,10.62,8.08,1.183,28086915072,840400000,0,0.077565537,0.74203814,0.23
EA,Electronic Arts,Communication Services,0.13,8.42,4.73,0.791,38710616064,1890000000,0,-0.519163782,-0.2684802,-0.06
EBAY,eBay,Consumer Cyclical,2.74,7.65,7.21,1.312,31726319616,2619000064,0,-0.211830054,-0.082804354,0.01
ECL,Ecolab,Basic Materials,8.54,6.05,5.27,1.136,72044814336,3538599936,0,-0.676020053,-0.262183992,0.13
ED,Consolidated Edison,Utilities,6.86,10.86,6.08,0.348,36293570560,5555999744,0,0.013804199,0.777098295,-0.11
EFX,Equifax,Industrials,0.08,16.3,6.78,1.583,37629485056,1697699968,0,0.374811334,1.043760891,0.09
EIX,Edison International,Utilities,10.98,11.42,5.11,0.921,33307713536,6444000256,0,-0.248237048,0.793259884,0
EL,Estée Lauder Companies (The),Consumer Defensive,6.95,11.05,7.48,0.997,30537748480,2438000128,0,0.06446389,0.854999753,-0.36
ELV,Elevance Health,Healthcare,0.07,6.03,5.29,0.832,1.28349E+11,11347999744,0,-0.051755608,-0.853029802,-0.1
EMN,Eastman Chemical Company,Basic Materials,12.84,5.85,6.59,1.45,12378979328,1684000000,0,-0.749259824,0.124796144,-0.05
EMR,Emerson Electric,Industrials,8.77,13.05,6.55,1.293,59430801408,4614000128,0,0.115371405,1.008267144,0.21
EOG,EOG Resources,Energy,20.16,6.67,7.33,1.288,70045835264,13168000000,0,-0.076275546,0.580150314,0.1
EQIX,Equinix,Real Estate,3.44,5.31,5.13,0.7,83225911296,3352907008,1,-1.423716085,-2.704720903,0.19
EQR,Equity Residential,Real Estate,2.98,2.87,6.05,0.91,30392528896,1796182016,1,-1.623681442,-2.993747435,-0.14
EQT,EQT Corporation,Energy,17.66,10.08,7.95,1.062,19929661440,2601137920,0,-0.140673974,1.371580228,-0.05
ES,Eversource,Utilities,4.67,8.56,5.39,0.618,24445104128,4149131008,0,-0.375362009,0.1358605,-0.31
ESS,Essex Property Trust,Real Estate,3.46,2.84,6.13,0.895,20950151168,1109452032,1,-1.663281986,-2.934235232,-0.11
ETN,Eaton Corporation,Industrials,5.46,6.76,5.72,1.007,1.241E+11,5449999872,0,-0.286330097,-0.312998962,0.68
ETR,Entergy,Utilities,14.04,7.3,5.32,0.723,27601307648,4596974080,0,-0.64970197,0.424827194,-0.19
EW,Edwards Lifesciences,Healthcare,2.86,8.08,7.63,1.132,40499355648,2052400000,0,-0.083155038,0.105530888,-0.15
EXC,Exelon,Utilities,7.38,9.05,6.44,0.601,40450048000,7148000256,0,-0.031820567,0.449901013,-0.1
EXPD,Expeditors International,Industrials,4.15,7.56,4.84,0.958,17457532928,1006916992,0,-0.738079905,-0.174603305,0.12
EXPE,Expedia Group,Consumer Cyclical,4.27,13.31,10.08,1.793,17677033472,1720000000,0,0.622704554,1.187845468,0.08
EXR,Extra Space Storage,Real Estate,4.23,3.72,7.26,0.871,39176241152,2260791040,1,-1.309494606,-2.628269723,-0.36
F,Ford Motor Company,Consumer Cyclical,7.43,6.41,8.51,1.635,43330224128,9360000000,0,0.106021689,-0.066383585,-0.2
FAST,Fastenal,Industrials,9.28,8.29,7.1,0.996,40423079936,1693200000,0,-0.280787444,0.493316045,0.12
FCX,Freeport-McMoRan,Basic Materials,15.26,9.96,6.4,1.891,61971775488,9900000256,0,-0.134920776,0.586717306,0.48
FDS,FactSet,Financial Services,4.32,8.75,5.3,0.748,17269403648,831163008,0,-0.538867459,0.157853893,-0.01
FDX,FedEx,Industrials,5.66,8.42,5.61,1.185,72837300224,10885000192,0,-0.073622537,-0.138621757,0.23
FE,FirstEnergy,Utilities,10.77,8.99,5.79,0.489,25536411648,3924000000,0,-0.366829762,0.657108153,-0.11
FFIV,"F5, Inc.",Technology,4.14,7.61,5.4,1.057,12510163968,782097984,0,-0.659727122,-0.115334987,0.06
FIS,Fidelity National Information Services,Technology,4.09,8.17,5.21,1.086,46394933248,3571000064,0,-0.477275889,-0.142481644,-0.37
FMC,FMC Corporation,Basic Materials,14.35,8.92,7.46,0.855,7908886016,703299968,0,-0.336724886,1.032950639,-0.19
FRT,Federal Realty,Real Estate,2.27,4.34,5.82,1.256,9881507840,739025984,1,-1.666620802,-2.893201738,-0.03
FTNT,Fortinet,Technology,2.5,10.03,6.37,0.998,58393071616,1727900032,0,-0.123435738,0.266276356,0.25
FTV,Fortive,Technology,16.09,13.97,4.7,1.161,26181060608,1698499968,0,-0.459581655,1.467521268,0.25
GD,General Dynamics,Industrials,9.37,18.9,6.93,0.607,84507975680,5402999808,0,0.811104727,2.220910538,0
GE,GE Aerospace,Industrials,14.24,15.41,10.9,1.179,1.95534E+11,8935000064,0,1.469503967,2.105443049,1
GEN,Gen Digital,Technology,3.35,8.2,5.39,1.06,16286790656,1808999936,0,-0.551637874,-0.088553539,-0.09
GILD,Gilead Sciences,Healthcare,1,14.34,7.62,0.196,1.03396E+11,13948999680,0,1.17806577,1.041418973,0.18
GIS,General Mills,Consumer Defensive,8.32,8.72,4.09,0.091,41540526080,4214599936,0,-0.569701934,0.348743117,-0.14
GL,Globe Life,Financial Services,1.58,8.28,10.49,0.808,9538871296,1495667968,0,0.462491386,0.579324857,0.14
GLW,Corning Inc.,Technology,5.53,4.81,6.13,1.036,37051850752,2607000064,0,-0.644967905,-0.445212319,-0.03
GM,General Motors,Consumer Cyclical,9.83,11.48,7.19,1.439,53408677888,18371000320,0,0.62995047,0.626822089,-0.13
GOOGL,Alphabet Inc. (Class A),Communication Services,1.56,11.16,11.51,1.039,1.9666E+12,1.2347E+11,0,9.474821199,-2.955629522,0.24
GPC,Genuine Parts Company,Consumer Cyclical,4.67,5.18,3.8,0.913,19135287296,2055010944,0,-1.080268357,-0.674611217,-0.01
GPN,Global Payments,Industrials,3.65,10.68,6.54,0.991,28514754560,4356144128,0,-0.006234076,0.45034913,0.04
GRMN,Garmin,Technology,4.78,11.63,4.25,1.009,33179969536,1596897024,0,-0.493488096,0.40759373,0.19
GWW,W. W. Grainger,Industrials,4.54,5.55,5.91,1.159,49508282368,2836999936,0,-0.594533255,-0.465637652,0.28
HAL,Halliburton,Energy,9.79,8.9,6.94,1.906,25866889216,5112000000,0,-0.282198848,0.278205193,0.38
HAS,Hasbro,Consumer Cyclical,0.04,2.88,4.16,0.596,9817040896,772200000,0,-1.135854968,-1.14428328,-0.08
HCA,HCA Healthcare,Healthcare,3.9,17.72,7.22,1.678,1.04115E+11,13747000320,0,1.106772585,1.255533521,0.41
HD,Home Depot (The),Consumer Cyclical,3.32,5.56,3.76,1.003,3.8067E+11,24757999616,0,0.554498734,-1.478466039,0.14
HIG,Hartford (The),Financial Services,1.81,7.24,7.58,0.924,34303150080,4254000128,0,-0.031873135,-0.066048451,0.11
HLT,Hilton Worldwide,Consumer Cyclical,6.11,7,4.45,1.31,54307586048,2456999936,0,-0.812792843,-0.373620907,0.18
HOLX,Hologic,Healthcare,4.57,12.08,8.35,0.984,19208910848,1242700032,0,0.285920097,1.034004572,0.1
HON,Honeywell,Industrials,10.99,10.59,7.04,1.027,1.32689E+11,9164000256,0,0.331639101,0.730551429,-0.01
HPE,Hewlett Packard Enterprise,Technology,0.95,4.14,5.6,1.203,23635793920,4909000192,0,-0.666977592,-0.968023615,0.34
HPQ,HP Inc.,Technology,0.11,5.05,6.09,1.083,33170137088,5045000192,0,-0.447346583,-0.779337413,0.08
HRL,Hormel Foods,Consumer Defensive,13.31,10.68,6,0.248,17838264320,1353831040,0,-0.327176314,1.234474866,-0.18
HSIC,Henry Schein,Healthcare,2,5.67,6.28,0.861,9026677760,922000000,0,-0.581007202,-0.380042266,0.05
HST,Host Hotels & Resorts,Real Estate,3.25,4.58,5.52,1.341,24961603584,1515000064,1,-1.674360919,-2.890903228,-0.09
HSY,Hershey Company (The),Consumer Defensive,10.52,10.4,5.14,0.361,40621432832,2952748032,0,-0.36889356,0.827962304,-0.06
HUBB,Hubbell Incorporated,Industrials,5.6,9.09,4.91,0.898,22078416896,1266200064,0,-0.60303309,0.17844143,0.58
HUM,Humana,Healthcare,0.01,16.71,5.74,0.509,37954166784,3779000064,0,0.44477083,1.266372843,-0.05
IBM,IBM,Technology,1.78,6.22,6.14,0.693,1.97245E+11,14675999744,0,0.375712913,-0.694775822,0.14
ICE,Intercontinental Exchange,Financial Services,1.7,9.25,8.82,1.091,93476061184,5558000128,0,0.503436398,0.283890079,0.15
IDXX,Idexx Laboratories,Healthcare,2.62,7.1,8.94,1.332,42162847744,1299420032,0,0.036608406,0.052402788,0.46
IEX,IDEX Corporation,Industrials,10.28,13.72,5.34,0.949,15495729152,862700032,0,-0.276909027,1.261824962,0.13
IFF,International Flavors & Fragrances,Basic Materials,10.49,5.57,6.63,1.233,26644783104,1876000000,0,-0.65707872,-0.003806109,-0.35
INCY,Incyte,Healthcare,1.06,16.3,7.41,0.735,12794285056,80491000,0,0.479889351,1.49798282,-0.09
INTC,Intel,Technology,4.93,7.32,6.62,1.02,91805720576,10439000064,0,0.083075175,-0.189563716,0.15
INTU,Intuit,Technology,0.97,10.7,4.73,1.243,1.81139E+11,4496000000,0,-0.0474028,-0.176849878,0.29
IP,International Paper,Consumer Cyclical,15.15,4.5,4.81,1.01,17309921280,1955000064,0,-1.155097159,-0.067817357,-0.15
IPG,Interpublic Group of Companies (The),Communication Services,0.04,5,5.28,1.084,11729707008,1732099968,0,-0.779670899,-0.820141528,1.25
IQV,IQVIA,Healthcare,1.3,10.62,7.22,1.498,43748352000,2827000064,0,0.056357834,0.246118037,0.06
IRM,Iron Mountain,Real Estate,5,3.74,5.76,1.026,34669355008,2001980032,1,-1.646334829,-2.815411587,0.19
ISRG,Intuitive Surgical,Healthcare,3.65,9.58,7.84,1.395,1.74618E+11,2505100032,0,0.289382442,0.197564386,0.51
IT,Gartner,Technology,0.11,13.17,5.64,1.323,39306534912,1298909952,0,-0.066969459,0.47033016,0.2
ITW,Illinois Tool Works,Industrials,7,11.78,6.52,1.112,75748122624,4652000256,0,0.097913651,0.732091065,0.25
IVZ,Invesco,Financial Services,0.73,11.02,11.04,1.423,7470531584,1053000000,0,0.692683191,0.868939121,-0.02
J,Jacobs Solutions,Industrials,5.29,11.46,5.62,0.721,18008506368,1476304000,0,-0.250107892,0.69559324,0.1
JBHT,J.B. Hunt,Industrials,3.28,6.55,5,1.153,17132796928,1577556992,0,-0.775381664,-0.438812904,0.1
JCI,Johnson Controls,Industrials,4.49,4.55,5.39,1.3,48678182912,3232000000,0,-0.775676385,-0.749284298,0.07
JKHY,Jack Henry & Associates,Technology,4.32,8.66,5.68,0.638,12909138944,571171968,0,-0.477671588,0.23575201,-0.19
JNJ,Johnson & Johnson,Healthcare,0.92,15.02,8.03,0.519,4.02178E+11,30051999744,0,2.479255801,0.523476118,-0.03
K,Kellanova,Consumer Defensive,10.64,13.35,4.38,0.394,27749677056,2032000000,0,-0.348028287,1.235629487,0.67
KEYS,Keysight,Technology,1.2,1.75,4.65,0.974,26116489216,1187000064,0,-1.158219919,-1.337248148,-0.18
KHC,Kraft Heinz,Consumer Defensive,13.49,14.05,6.17,0.478,42366164992,6446000128,0,0.191811646,1.635479588,-0.14
KIM,Kimco Realty,Real Estate,2.35,2.58,5.97,1.492,16219149312,1195842048,1,-1.780563152,-3.243290298,-0.11
KLAC,KLA Corporation,Technology,7.41,5.13,4.64,1.276,99420717056,4249192960,0,-0.787046598,-0.644213125,0.5
KMB,Kimberly-Clark,Consumer Defensive,10.43,10.4,7.64,0.403,48567140352,3897999872,0,0.154262299,1.113186339,-0.01
KMI,Kinder Morgan,Energy,8.28,7.19,3.49,0.921,47851556864,6568999936,0,-0.808300383,-0.284336329,-0.06
KMX,CarMax,Consumer Cyclical,0.09,8.02,3.99,1.688,12391112704,926968000,0,-0.900882567,-0.666627556,-0.06
KO,Coca-Cola Company (The),Consumer Defensive,7.23,9.54,4.86,0.609,3.09449E+11,14830999552,0,0.51952116,-0.094105286,-0.04
KR,Kroger,Consumer Defensive,6.55,9.12,5.6,0.46,40625352704,8067999744,0,-0.112688694,0.330638741,-0.05
L,Loews Corporation,Financial Services,0.59,4.25,11.53,0.818,17404710912,3233999872,0,0.443915852,-0.040709017,0.12
LDOS,Leidos,Technology,3.37,9.03,5.25,0.704,20855037952,2056999936,0,-0.445646989,0.130782729,0.04
LEN,Lennar,Consumer Cyclical,11.26,8.55,5.55,1.609,50908487680,5534482944,0,-0.496160438,0.183587533,0.56
LH,LabCorp,Healthcare,0.43,12.71,6.6,1.041,19060506624,1673500032,0,0.089596573,0.641179472,0.06
LKQ,LKQ Corporation,Consumer Cyclical,3.8,4,3.27,1.283,10751375360,1732000000,0,-1.337323669,-1.087639542,-0.01
LLY,Lilly (Eli),Healthcare,2.54,12.6,9.14,0.422,8.15948E+11,16566500352,0,2.68396706,0.200766939,0.8
LMT,Lockheed Martin,Industrials,7.96,15.11,7.11,0.469,1.3656E+11,10225999872,0,0.884804024,1.451155185,0.06
LNT,Alliant Energy,Utilities,8.54,6.55,6.28,0.57,15520779264,1636999936,0,-0.549887442,0.216557399,-0.2
LOW,Lowe's,Consumer Cyclical,3.31,5.31,3.17,1.09,1.45636E+11,12433000448,0,-0.528395751,-1.174841912,0.19
LRCX,Lam Research,Technology,4.5,3.97,5.14,1.483,99490209792,4920197120,0,-0.731243542,-1.013274603,0.63
LULU,Lululemon Athletica,Consumer Cyclical,1.58,9.86,5.5,1.253,32572626944,2699964928,0,-0.326960576,0.002253393,0.37
LUV,Southwest Airlines,Industrials,11.04,13.69,5.95,1.162,17099948032,1682000000,0,-0.16996852,1.300024232,-0.14
LVS,Las Vegas Sands,Consumer Cyclical,2.3,7.72,8.67,1.113,30488285184,3863000064,0,0.15465266,0.135925194,0.5
LYB,LyondellBasell,Basic Materials,13.5,2.1,5.09,1.082,30880202752,4421000192,0,-1.144741002,-0.597072529,0.23
MA,Mastercard,Financial Services,2.15,6.66,8.27,1.103,4.62832E+11,16784000000,0,1.325201611,-0.757071331,0.28
MAA,Mid-America Apartment Communities,Real Estate,3.9,2.95,6.25,0.873,19992911872,1247618048,1,-1.63294523,-2.869420921,-0.14
MAR,Marriott International,Consumer Cyclical,8.55,9.16,3.72,1.591,66329636864,4112999936,0,-0.773031937,-0.101105442,0.34
MAS,Masco,Industrials,9.73,5.64,6.82,1.247,17732730880,1494000000,0,-0.635665419,-0.000583601,0.18
MCD,McDonald's,Consumer Cyclical,7.56,12.56,5.84,0.724,2.1072E+11,13845499904,0,0.700447933,0.629172452,0.1
MCHP,Microchip Technology,Technology,15.25,9.16,7.4,1.519,41310883840,1950800000,0,-0.323625662,0.856576625,0.27
MCK,McKesson Corporation,Healthcare,1.65,7.28,6.29,0.441,67408543744,4889999872,0,-0.11722028,-0.133534077,0.13
MCO,Moody's Corporation,Financial Services,1.61,6.09,8.12,1.29,88281661440,3313999872,0,-0.006659696,-0.347277104,0.18
MDLZ,Mondelez International,Consumer Defensive,7.23,9.39,5.41,0.548,1.00893E+11,7414000128,0,-0.068306844,0.311514038,0.12
MDT,Medtronic,Healthcare,1.78,13.43,7.57,0.854,1.13677E+11,9013000192,0,0.80756747,0.801436105,-0.07
MET,MetLife,Financial Services,0.69,6.96,8.77,1.029,54821441536,7036000256,0,0.33004007,-0.121631491,-0.01
META,Meta Platforms,Communication Services,2.71,21.09,10.29,1.213,1.35678E+12,79208996864,0,7.038789929,-0.10813155,0.79
MGM,MGM Resorts,Consumer Cyclical,1.3,12.97,10.49,2.236,11303280640,2556987904,0,0.690141475,0.868366419,0.37
MHK,Mohawk Industries,Consumer Cyclical,5.75,4.19,4.19,1.375,9834908672,1549473024,0,-1.205457571,-0.846604944,-0.06
MKC,McCormick & Company,Consumer Defensive,9.63,11.09,5.35,0.758,22768777216,1270200064,0,-0.414736455,0.840364235,-0.05
MLM,Martin Marietta Materials,Basic Materials,16.68,4.77,8.67,0.908,32638973952,1945500032,0,-0.388742546,0.587210777,0.34
MMM,3M,Industrials,17.22,13.59,6.54,0.995,73377218560,8117000192,0,0.212475868,1.607054276,-0.15
MNST,Monster Beverage,Consumer Defensive,12.07,12.04,5.11,0.737,50022043648,2105284992,0,-0.342447053,1.070907733,0.27
MO,Altria,Consumer Defensive,6.1,17.64,7.58,0.687,86164111360,12216000512,0,1.167783663,1.768154969,-0.03
MOS,Mosaic Company (The),Basic Materials,13.87,11.05,8.6,1.363,8173065216,1908199936,0,0.037174965,1.324710588,-0.25
MPC,Marathon Petroleum,Energy,17.09,8.15,5.25,1.364,54844665856,10341000192,0,-0.452170749,0.409874607,0.51
MRK,Merck & Co.,Healthcare,1.85,10.64,8.9,0.401,2.99843E+11,22927998976,0,1.815345179,0.238219071,0.26
MSCI,MSCI,Financial Services,1.57,6.97,7.74,1.111,44539666432,1622592000,0,-0.133912279,-0.127034658,0.18
MSFT,Microsoft,Technology,1.46,7.53,6.07,0.896,3.23449E+12,1.36552E+11,0,11.04321592,-5.745346707,0.26
MSI,Motorola Solutions,Technology,2.26,5.07,5.8,0.977,73940533248,3152000000,0,-0.528928504,-0.665776009,0.16
MTD,Mettler Toledo,Healthcare,1,7.41,4.69,1.139,29563645952,1142445056,0,-0.717686766,-0.473233065,0.01
MU,Micron Technology,Technology,7.23,5.46,5.49,1.176,98387369984,8944000000,0,-0.391074676,-0.536717474,0.23
NCLH,Norwegian Cruise Line Holdings,Consumer Cyclical,8.97,10.9,6.08,2.712,8688294912,2335180032,0,-0.528349629,0.259944486,0.26
NDAQ,"Nasdaq, Inc.",Financial Services,0.03,5.63,7.43,0.962,42128486400,2512000000,0,-0.217733655,-0.442894794,-0.13
NDSN,Nordson Corporation,Industrials,8.18,11.61,5.1,0.902,14591575040,818784000,0,-0.447787619,0.779427932,0.09
NEE,NextEra Energy,Utilities,9.38,8.3,5.6,0.551,1.74643E+11,14577999872,0,0.272705633,0.08650445,-0.22
NEM,Newmont,Basic Materials,7.05,8.24,5.22,0.513,60940009472,6008999936,0,-0.31836948,0.163860467,-0.04
NFLX,Netflix,Communication Services,0.09,7.31,9.01,1.262,3.03381E+11,9976898560,0,0.959419908,-0.444810081,0.91
NI,NiSource,Utilities,11.98,9.17,4.87,0.504,15419760640,2324999936,0,-0.635643104,0.669331293,-0.11
NKE,"Nike, Inc.",Consumer Cyclical,2.98,9.99,6.65,1.014,1.20908E+11,7200999936,0,0.256004421,0.163034765,-0.04
NOC,Northrop Grumman,Industrials,7.79,14.37,5.37,0.337,76233113600,4457999872,0,0.169117853,1.292379035,-0.09
NOW,ServiceNow,Technology,3.99,6.04,6.57,0.987,1.83719E+11,1824000000,0,-0.192913331,-0.398934728,0.37
NRG,NRG Energy,Utilities,16.8,9.5,5.69,1.085,16782821376,2192999936,0,-0.624741353,0.93358895,-0.07
NSC,Norfolk Southern Railway,Industrials,8.02,10.48,5.42,1.307,55861764096,5888000000,0,-0.244016602,0.374667683,-0.14
NTAP,NetApp,Technology,2.19,7.74,5.5,1.219,24377368576,1582000000,0,-0.562206454,-0.270524746,0.08
NUE,Nucor,Basic Materials,9.3,14.72,8.8,1.563,33929832448,4940151808,0,0.593770911,1.544036394,0.32
NVDA,Nvidia,Technology,2.3,4.95,6.34,1.673,2.83542E+12,61184000000,0,6.926442734,-4.641357123,2.48
NVR,"NVR, Inc.",Consumer Cyclical,7.21,7.82,5.24,1.187,29192695808,2071504000,0,-0.663567166,-0.00175847,0.58
NWSA,News Corp (Class A),Communication Services,0.02,4.74,6.72,1.358,15057525760,1270000000,0,-0.577450542,-0.755282368,0.26
NXPI,NXP Semiconductors,Technology,8.58,5.45,5.81,1.497,59243253760,4640000000,0,-0.649226658,-0.403897974,0.28
O,Realty Income,Real Estate,4.41,5.32,5.74,0.992,54585954304,4485658112,1,-1.370770793,-2.646336472,-0.18
OKE,ONEOK,Energy,10.83,11.01,3.31,1.634,55288446976,5612000256,0,-0.71044857,0.253154816,0.1
OMC,Omnicom Group,Communication Services,0.09,9.33,6.86,0.964,19903373312,2420600064,0,-0.079172768,0.113809065,0.2
ON,ON Semiconductor,Technology,11.79,5.69,4.95,1.656,30593183744,2716600064,0,-1.005570888,-0.277184353,0.46
ORCL,Oracle Corporation,Technology,0.5,7.79,5.6,1,4.64054E+11,21802999808,0,1.162297989,-1.07280792,0.61
ORLY,O'Reilly Auto Parts,Consumer Cyclical,0.14,8.15,3.76,0.924,65588211712,3685244928,0,-0.619275436,-0.537981403,0.34
OXY,Occidental Petroleum,Energy,24.98,9.7,6.97,1.605,47697215488,12931000320,0,-0.087254932,1.238254238,-0.06
PANW,Palo Alto Networks,Technology,0.7,7.62,5.6,1.132,1.12694E+11,1094400000,0,-0.371791332,-0.41963244,0.34
PAYX,Paychex,Technology,3.21,7.16,6.36,0.993,48633491456,2358799872,0,-0.35633631,-0.161264119,-0.01
PCAR,Paccar,Industrials,8.36,10.99,8.3,0.901,51368513536,5908100096,0,0.383833351,0.984681383,0.43
PCG,PG&E Corporation,Utilities,9.58,15.38,5.42,1.017,52330303488,9317999616,0,0.289484709,1.301100975,0.31
PEG,Public Service Enterprise Group,Utilities,12.48,9.28,5.46,0.623,42229178368,4044999936,0,-0.420430521,0.700527312,-0.07
PEP,PepsiCo,Consumer Defensive,7.27,9.63,5.16,0.541,2.42943E+11,16913000448,0,0.556032918,0.016403768,0.01
PFE,Pfizer,Healthcare,2.12,12.85,9.63,0.617,1.69038E+11,18365999104,0,1.665745058,0.855059127,-0.23
PFG,Principal Financial Group,Financial Services,0.81,5.82,7.56,1.192,19411369984,-15100000,0,-0.369750702,-0.354339047,0.05
PG,Procter & Gamble,Consumer Defensive,9.6,12.23,6.74,0.407,4.13267E+11,24039999488,0,1.643043057,0.530244052,0.11
PGR,Progressive Corporation,Financial Services,1.45,8.5,10.07,0.353,1.50497E+11,10823199744,0,1.108315008,0.391016534,0.1
PH,Parker Hannifin,Industrials,9.46,13.78,6.24,1.431,77822435328,4962157056,0,0.130940265,1.059787784,0.58
PHM,PulteGroup,Consumer Cyclical,9.19,7.31,4.92,1.627,29148821504,3788722944,0,-0.790080924,-0.176047962,1.04
PKG,Packaging Corporation of America,Consumer Cyclical,13.96,1.06,3.62,0.786,19272724480,1624999936,0,-1.610094946,-0.782207659,0.1
PLD,Prologis,Real Estate,2.74,2.5,5.03,1.083,1.19702E+11,5739131904,1,-1.538952047,-3.413392354,0
PM,Philip Morris International,Consumer Defensive,3.42,13.54,11.49,0.578,1.91598E+11,15301000192,0,1.969103558,1.327858221,-0.01
PNR,Pentair,Industrials,5.97,10.01,6.07,1.191,15541917696,978700032,0,-0.381207013,0.423377943,0.61
PNW,Pinnacle West,Utilities,14.72,10.23,5.84,0.516,10374980608,1978172032,0,-0.443403851,1.136791119,0
PPG,PPG Industries,Basic Materials,10.98,7.7,6.54,1.25,29736417280,2870000128,0,-0.470366645,0.335614032,0.14
PPL,PPL Corporation,Utilities,17.08,8.9,5.33,0.835,24110428160,3276000000,0,-0.653185222,0.856168342,-0.15
PRU,Prudential Financial,Financial Services,0.64,10.01,9.25,1.286,42368761856,5557333504,0,0.543977965,0.394747262,0.01
PSA,Public Storage,Real Estate,4.74,2.61,5.7,0.67,63529824256,3353046016,1,-1.584916493,-2.965513802,-0.18
PSX,Phillips 66,Energy,20.76,8.82,5.85,1.322,53702402048,5571999744,0,-0.545855422,0.90669897,0.36
PTC,PTC,Technology,4.92,8.61,5.37,1.177,21107718144,698484992,0,-0.604730496,0.045102508,0.28
PWR,Quanta Services,Industrials,12.15,15.73,9.04,1.009,40356634624,1868978048,0,0.627698043,2.122937832,0.53
PYPL,PayPal,Financial Services,2.83,9.19,5.75,1.438,73372622848,6120999936,0,-0.164700448,-0.158081374,-0.31
QCOM,Qualcomm,Technology,5.34,4.5,5.55,1.284,1.87932E+11,11959000064,0,-0.147154718,-0.972071369,-0.11
QRVO,Qorvo,Technology,12.32,8.5,7.7,1.457,9529769984,673129984,0,-0.367884428,0.690362601,0.2
RCL,Royal Caribbean Group,Consumer Cyclical,8.15,7.68,4.88,2.621,43694575616,5641999872,0,-0.782111719,-0.534530723,1.39
REG,Regency Centers,Real Estate,3.72,3.21,4.77,1.218,13652682752,917937984,1,-1.961908393,-3.125777538,0.02
REGN,Regeneron,Healthcare,0.34,10.96,6.74,0.122,1.27109E+11,4598000128,0,0.423891937,0.491865747,0.38
RL,Ralph Lauren Corporation,Consumer Cyclical,1.22,7.79,5.62,1.502,11238284288,1059800000,0,-0.602105393,-0.368308555,0.31
RMD,ResMed,Healthcare,3.54,12.41,10.43,0.691,36993007616,1632185984,0,0.813674252,1.365851915,-0.27
ROK,Rockwell Automation,Industrials,5.37,6.64,5.65,1.363,29864515584,1613699968,0,-0.687218336,-0.295423809,0.3
ROL,"Rollins, Inc.",Consumer Cyclical,1.76,10.63,6.92,0.697,24893739008,757598016,0,-0.018589449,0.536747569,0.15
ROP,Roper Technologies,Technology,4.67,9.67,6.09,1.022,59662757888,2732699904,0,-0.20411747,0.27185388,0.23
ROST,Ross Stores,Consumer Cyclical,1.79,10.76,5.68,1.092,50816126976,2983800064,0,-0.158387308,0.211212521,0.38
RSG,Republic Services,Industrials,11.19,6.02,3.7,0.707,64497053696,4804800000,0,-0.927262882,-0.199265895,0.01
SBAC,SBA Communications,Real Estate,3.11,3.23,5.23,0.664,26340440064,1785819008,1,-1.727196228,-2.954557685,-0.32
SBUX,Starbucks,Consumer Cyclical,5.79,14.62,4.27,0.96,1.09286E+11,6700000256,0,0.085021771,0.808309073,0.15
SHW,Sherwin-Williams,Basic Materials,14.31,9.2,5.85,1.168,95620767744,4399799808,0,-0.348302573,0.616406877,0.18
SJM,J.M. Smucker Company (The),Consumer Defensive,12.89,11.99,5.57,0.232,12862360576,1977900032,0,-0.278599327,1.367036999,0
SLB,Schlumberger,Energy,8.08,6.29,5.91,1.528,58923360256,8130999808,0,-0.415476596,-0.350935878,0.63
SNA,Snap-on,Industrials,9,13.91,7.62,0.974,14827014144,1480000000,0,0.214343606,1.499393034,0.26
SNPS,Synopsys,Technology,3.34,6.93,4.16,1.078,77152632832,1652390016,0,-0.782207671,-0.523067903,0.38
SO,Southern Company,Utilities,14.68,11,7.3,0.509,98390876160,13061000192,0,0.514578018,1.176366283,-0.15
SPG,Simon Property Group,Real Estate,3.83,3.99,6.15,1.769,61818773504,4353110016,1,-1.48603158,-3.088619841,0.13
SPGI,S&P Global,Financial Services,0,6.22,6.82,1.177,1.6507E+11,6645000192,0,0.080482704,-0.690517785,0.12
SRE,Sempra,Utilities,10.86,7.85,4.88,0.759,53152604160,4930999808,0,-0.575710332,0.228340058,-0.17
STLD,Steel Dynamics,Basic Materials,10.56,14.36,8.06,1.327,17666150400,2689149952,0,0.311596358,1.589355744,0.39
STX,Seagate Technology,Technology,1.59,3.8,5.26,1.058,21484713984,1211000064,0,-0.906730485,-0.921407686,0.12
STZ,Constellation Brands,Consumer Defensive,9.45,10.04,5.18,0.873,46082215936,3887300096,0,-0.391603527,0.532581575,0.05
SWK,Stanley Black & Decker,Industrials,5,12.51,7.8,1.236,15857777664,1663699968,0,0.184617332,0.975836899,0.08
SWKS,Skyworks Solutions,Technology,11.82,8.93,7.21,1.204,15532438528,1136199936,0,-0.352884833,0.731286641,0.1
SYK,Stryker Corporation,Healthcare,3.99,13.24,11.03,0.919,1.41745E+11,5693000192,0,1.313227492,1.359853371,0.38
SYY,Sysco,Consumer Defensive,5.42,6.05,4.47,1.198,38230503424,4410999808,0,-0.804987799,-0.548275438,-0.14
T,AT&T,Communication Services,3.26,13.94,6.72,0.733,1.56168E+11,42773000192,0,2.147612576,0.284219069,-0.16
TAP,Molson Coors Beverage Company,Consumer Defensive,7.25,8.61,5.51,0.814,11506942976,2418400000,0,-0.517819403,0.292361958,0.22
TDG,TransDigm Group,Industrials,12.01,17.71,9,1.41,77178421248,3888000000,0,0.875208946,2.237210744,0.51
TEL,TE Connectivity,Technology,5.81,4.44,4.55,1.325,44913152000,3761999872,0,-0.956115543,-0.813015082,0.07
TER,Teradyne,Technology,7.11,4.89,5.03,1.492,21165559808,640716992,0,-1.048581966,-0.575272625,0.31
TFX,Teleflex,Healthcare,4.83,16.12,8.67,1.156,11376049152,644953984,0,0.598572107,1.715799756,-0.06
TGT,Target Corporation,Consumer Defensive,1.93,7.55,4.86,1.238,70409453568,9230999552,0,-0.296220242,-0.582684637,-0.24
TJX,TJX Companies,Consumer Cyclical,1.89,7.65,4.84,0.889,1.34904E+11,7125000192,0,-0.212334589,-0.494330773,0.45
TMO,Thermo Fisher Scientific,Healthcare,1.44,4.89,6.47,0.778,2.34603E+11,10581999616,0,0.227232626,-0.8841155,0.01
TMUS,T-Mobile US,Communication Services,4.19,13.38,7.07,0.507,2.40183E+11,30663999488,0,1.837804278,0.480578958,-0.05
TPR,"Tapestry, Inc.",Consumer Cyclical,1.1,8.57,5.18,1.552,9963964416,1439500032,0,-0.615124084,-0.326127454,-0.03
TRGP,Targa Resources,Energy,14.23,14.75,4.24,2.252,33304543232,4021700096,0,-0.491255497,1.042845208,0.29
TRMB,Trimble Inc.,Technology,3.76,3.43,5.23,1.484,14239768576,737699968,0,-1.072409255,-0.9751001,-0.12
TROW,T. Rowe Price,Financial Services,2.39,8.95,5.57,1.427,24022775808,2648399872,0,-0.442033062,-0.133915028,-0.05
TRV,Travelers Companies (The),Financial Services,1.01,9.3,10.02,0.629,55218700288,6719000064,0,0.788301854,0.571270828,-0.01
TSCO,Tractor Supply,Consumer Cyclical,3.43,8.19,4.47,0.799,29852745728,1913799040,0,-0.663323156,-0.141202623,0.17
TSLA,"Tesla, Inc.",Consumer Cyclical,3.31,14.08,7.85,2.29,7.27963E+11,13244000256,0,1.988631647,-0.111724784,-0.12
TSN,Tyson Foods,Consumer Defensive,14.02,12.39,9.51,0.777,22008092672,3144000000,0,0.469242185,1.817281349,-0.3
TT,Trane Technologies,Industrials,4.39,5.71,5.11,1.212,84535984128,3691200000,0,-0.638482047,-0.619811818,0.31
TXN,Texas Instruments,Technology,7.76,5.96,6.93,0.976,1.83878E+11,6896999936,0,0.011185454,-0.227027967,0.02
TXT,Textron,Industrials,10.92,16.08,6.61,1.231,16617225216,1644999936,0,0.134337631,1.749550983,0.26
UAL,United Airlines Holdings,Industrials,10.78,12.79,5.04,1.434,17309820928,7482999808,0,-0.206133189,0.83670119,0.41
UDR,"UDR, Inc.",Real Estate,3.72,3.91,6.29,0.841,17647726592,989297984,1,-1.556782017,-2.701302555,-0.13
UHS,Universal Health Services,Healthcare,3.7,20.68,8.6,1.282,15676926976,2124051968,0,1.018115126,2.316966233,0.38
ULTA,Ulta Beauty,Consumer Cyclical,4.08,7.25,4.28,1.312,18704535552,1827608064,0,-0.879637327,-0.427038464,-0.02
UNH,UnitedHealth Group,Healthcare,0.03,9.67,5.59,0.595,5.33699E+11,35035000832,0,2.04679219,-0.964239793,-0.09
UNP,Union Pacific Corporation,Industrials,7.3,10.55,5.6,1.053,1.54462E+11,12030000128,0,0.277803194,0.241211251,-0.02
UPS,United Parcel Service,Industrials,4.17,8.91,5.49,0.977,1.10421E+11,12007999488,0,0.11332351,-0.15467187,-0.15
URI,United Rentals,Industrials,5.32,6.13,5.42,1.681,51007975424,4542000128,0,-0.654034599,-0.580971587,0.7
V,Visa Inc.,Financial Services,1.81,8.22,6.65,0.963,5.67341E+11,24973000704,0,1.696535975,-0.936646091,0.24
VLO,Valero Energy,Energy,20.15,7.42,4.99,1.381,43507605504,7816000000,0,-0.742434997,0.484245268,0.21
VMC,Vulcan Materials Company,Basic Materials,13.42,6.81,9.05,0.815,32370546688,1985699968,0,-0.081986976,0.808049214,0.34
VRSK,Verisk,Industrials,0.05,12.49,4.98,0.863,38368903168,1363000064,0,-0.180858268,0.411165995,0.29
VRSN,Verisign,Technology,4.74,10.77,5.79,0.903,17847136256,1089200000,0,-0.303528748,0.523619181,0.12
VRTX,Vertex Pharmaceuticals,Healthcare,0.75,15.4,6.57,0.406,1.26323E+11,4446600192,0,0.688609189,1.134207223,0.21
VTR,Ventas,Real Estate,3.42,3.89,5.56,1.388,26731040768,1857009024,1,-1.713494852,-3.010487791,-0.11
WAB,Wabtec,Industrials,5.36,11.99,5.98,1.273,30504617984,2110000000,0,-0.167682082,0.639518449,0.31
WAT,Waters Corporation,Healthcare,1.35,8.19,5.09,0.955,19528284160,1008035008,0,-0.585444666,-0.20368048,-0.06
WBA,Walgreens Boots Alliance,Healthcare,1.79,9.29,5.18,0.683,7821272064,2884000000,0,-0.396349864,0.077737015,-0.43
WEC,WEC Energy Group,Utilities,13.36,8.96,5.13,0.435,30387875840,3489200128,0,-0.543296325,0.735970051,-0.21
WELL,Welltower,Real Estate,4.24,3.49,5.5,1.201,78689722368,2930661888,1,-1.606334897,-3.049536476,0.08
WM,Waste Management,Industrials,8.09,5.24,3.32,0.753,83601956864,6381000192,0,-0.910408043,-0.61779346,-0.08
WMB,Williams Companies,Energy,8.72,10.13,2.96,1.079,55497883648,5864000000,0,-0.721064722,0.107231575,0.03
WMT,Walmart,Consumer Defensive,5.86,12.36,7.05,0.515,6.31806E+11,40779001856,0,2.857282606,-0.166265828,0.2
WTW,Willis Towers Watson,Financial Services,0.07,7.83,10.76,0.745,29749815296,2580999936,0,0.596166533,0.433449307,0
WY,Weyerhaeuser,Real Estate,9.05,4.18,3.45,1.418,24183224320,1234000000,1,-2.227823904,-2.907009565,-0.04
WYNN,Wynn Resorts,Consumer Cyclical,3.37,11.75,10.58,1.799,8879360000,1829332992,0,0.598159873,0.951430768,0.72
XEL,Xcel Energy,Utilities,12.7,9.26,4.49,0.397,35992227840,5510000128,0,-0.529893331,0.634468276,-0.25
XOM,ExxonMobil,Energy,23.11,10.01,8.48,0.878,5.07282E+11,71537999872,0,3.618527756,0.141727704,0.21
XYL,Xylem Inc.,Industrials,4.27,8.66,5.19,1.037,32338771968,1688999936,0,-0.542379093,0.006703052,0.11
YUM,Yum! Brands,Consumer Cyclical,4.53,11.45,4.12,1.081,37833572352,2608000000,0,-0.487351071,0.30252864,0.13
ZBH,Zimmer Biomet,Healthcare,3.6,14.52,7.89,1.026,21635987456,2557400064,0,0.462339788,1.277883893,0.12
ZTS,Zoetis,Healthcare,3.24,6.81,8.72,0.883,88666619904,3764000000,0,0.209030266,0.061677498,0.21